first_name,last_name,email,gender,course,balance
Way,Oda,woda0@smugmug.com,Male,Cloud computing,275.5
Rivkah,Scollard,rscollard1@usnews.com,Female,Data Science,
Del,Vooght,dvooght2@bluehost.com,Male,Robotics and software engineering,876.56
Bradly,Gerardot,bgerardot3@imdb.com,Male,Cloud computing,201.94
Antoine,Cossum,acossum4@friendfeed.com,Male,Cybersecurity,
Celestia,Clutton,cclutton5@360.cn,Female,Robotics and software engineering,962.95
Elmira,Gerbl,egerbl6@huffingtonpost.com,Bigender,Data Science,
Darrel,Loft,dloft7@123-reg.co.uk,Male,Artificial Intelligence and machine learning,573.46
Gretta,Emes,gemes8@gravatar.com,Female,Artificial Intelligence and machine learning,245.23
Burt,Park,bpark9@4shared.com,Male,Cloud computing,303.75
Rod,Satchell,rsatchella@squarespace.com,Male,Data Science,803.87
Rhona,Middup,rmiddupb@nydailynews.com,Female,Artificial Intelligence and machine learning,
Benoit,Smoth,bsmothc@msn.com,Male,Cloud computing,563.81
Ransell,Davenall,rdavenalld@infoseek.co.jp,Male,Robotics and software engineering,263.27
Ezechiel,Lesser,elessere@usatoday.com,Male,Cloud computing,763.12
Ermin,Summerill,esummerillf@examiner.com,Male,Artificial Intelligence and machine learning,586.38
Dermot,Shipley,dshipleyg@dailymotion.com,Male,Cloud computing,40.22
Ollie,Clopton,ocloptonh@twitter.com,Agender,Data Science,147.07
Yank,Javes,yjavesi@macromedia.com,Male,Cloud computing,
Devonna,Rearden,dreardenj@dedecms.com,Female,Data Science,
Molly,Soughton,msoughtonk@engadget.com,Female,Artificial Intelligence and machine learning,269.41
Enoch,Berston,eberstonl@cnbc.com,Male,Robotics and software engineering,710.22
Ritchie,Greave,rgreavem@tinypic.com,Male,Cybersecurity,47.22
Jerry,Drinkale,jdrinkalen@ustream.tv,Male,Artificial Intelligence and machine learning,518.31
Karlis,Antonomoli,kantonomolio@artisteer.com,Male,Cybersecurity,
Ignacio,Humburton,ihumburtonp@w3.org,Male,Artificial Intelligence and machine learning,677.62
Fairfax,Akam,fakamq@ucoz.com,Male,Cloud computing,437.34
Carroll,Jordi,cjordir@homestead.com,Male,Cloud computing,
Lani,Sloegrave,lsloegraves@cbslocal.com,Female,Cloud computing,120.57
Queenie,Puddifer,qpuddifert@about.com,Female,Cloud computing,408.06
Melina,Sealove,msealoveu@storify.com,Female,Artificial Intelligence and machine learning,
Maximilian,Datte,mdattev@1688.com,Male,Robotics and software engineering,369.06
Caritta,Stears,cstearsw@va.gov,Bigender,Robotics and software engineering,
Nil,Rugieri,nrugierix@hostgator.com,Male,Robotics and software engineering,726.88
Novelia,Thickin,nthickiny@howstuffworks.com,Female,Data Science,942.02
Lynn,Kettle,lkettlez@i2i.jp,Female,Artificial Intelligence and machine learning,324.25
Selle,Leneve,sleneve10@ehow.com,Female,Artificial Intelligence and machine learning,
Bren,Keuneke,bkeuneke11@phoca.cz,Male,Cloud computing,720.08
Clerkclaude,Van der Veldt,cvanderveldt12@networkadvertising.org,Male,Robotics and software engineering,683.54
Josee,Arson,jarson13@goo.gl,Female,Cybersecurity,592.47
Randal,Alkins,ralkins14@wsj.com,Male,Data Science,90.56
Orsola,Wrenn,owrenn15@dot.gov,Female,Cybersecurity,338.47
Karla,Trahar,ktrahar16@ask.com,Female,Data Science,102.18
Terry,Hammarberg,thammarberg17@intel.com,Male,Robotics and software engineering,719.76
Charyl,Mansfield,cmansfield18@wsj.com,Female,Robotics and software engineering,640.4
Eveline,Greenier,egreenier19@naver.com,Polygender,Data Science,
Art,Cowie,acowie1a@fotki.com,Male,Robotics and software engineering,
Keslie,Adney,kadney1b@sbwire.com,Female,Artificial Intelligence and machine learning,28.61
Kale,Papps,kpapps1c@free.fr,Male,Cybersecurity,175.96
Luis,Stoltz,lstoltz1d@printfriendly.com,Male,Artificial Intelligence and machine learning,390.75
Stormi,Gon,sgon1e@theatlantic.com,Female,Cybersecurity,288.34
Camilla,Churchlow,cchurchlow1f@arstechnica.com,Female,Robotics and software engineering,158.9
Yves,Thaine,ythaine1g@cam.ac.uk,Agender,Cybersecurity,237.07
Corly,Hardi,chardi1h@icio.us,Female,Robotics and software engineering,192.28
Gabby,Well,gwell1i@bravesites.com,Male,Cybersecurity,221.41
Carina,Brikner,cbrikner1j@constantcontact.com,Female,Artificial Intelligence and machine learning,
Gigi,Castillo,gcastillo1k@networksolutions.com,Female,Data Science,959.66
Wallis,Digwood,wdigwood1l@china.com.cn,Female,Data Science,770.15
Stefan,Busse,sbusse1m@sciencedaily.com,Male,Robotics and software engineering,158.54
Dayna,Tremoille,dtremoille1n@shareasale.com,Agender,Data Science,840.72
Rory,Braker,rbraker1o@weather.com,Male,Data Science,9.89
Halette,Inchley,hinchley1p@ucla.edu,Female,Cybersecurity,
Urban,Chisman,uchisman1q@home.pl,Male,Robotics and software engineering,692.72
Wynne,Davitashvili,wdavitashvili1r@nba.com,Bigender,Cloud computing,
Coralie,Oulner,coulner1s@wikipedia.org,Female,Robotics and software engineering,497.51
Elianora,Cowden,ecowden1t@hc360.com,Female,Robotics and software engineering,
Garald,Gioan,ggioan1u@wiley.com,Male,Artificial Intelligence and machine learning,
Drake,Ketchaside,dketchaside1v@answers.com,Male,Cybersecurity,466.21
Vina,Corbally,vcorbally1w@dion.ne.jp,Female,Robotics and software engineering,
Rogerio,Kasting,rkasting1x@tinyurl.com,Male,Data Science,918.97
Lucas,Buckenhill,lbuckenhill1y@livejournal.com,Male,Artificial Intelligence and machine learning,929.07
Christoffer,McJerrow,cmcjerrow1z@myspace.com,Genderfluid,Cloud computing,
Francisco,Rushbrooke,frushbrooke20@bravesites.com,Agender,Robotics and software engineering,809.89
Cornelius,Follis,cfollis21@live.com,Male,Robotics and software engineering,663.97
Pris,O'Suaird,posuaird22@naver.com,Female,Cloud computing,760.96
Alfonse,Skitch,askitch23@ca.gov,Male,Artificial Intelligence and machine learning,626.73
Maxie,Costello,mcostello24@typepad.com,Male,Cloud computing,697.11
Violante,Coyett,vcoyett25@geocities.com,Female,Artificial Intelligence and machine learning,
Sasha,Phelip,sphelip26@networkadvertising.org,Male,Artificial Intelligence and machine learning,238.05
Cassi,Kitchenham,ckitchenham27@yolasite.com,Female,Artificial Intelligence and machine learning,691.13
Sollie,Clyant,sclyant28@opensource.org,Male,Cybersecurity,
Wilow,Berkely,wberkely29@mapy.cz,Agender,Artificial Intelligence and machine learning,719.75
Haroun,Rudolf,hrudolf2a@gov.uk,Male,Cybersecurity,
Oran,Dearnaly,odearnaly2b@opensource.org,Male,Cybersecurity,857.58
Gusta,Surby,gsurby2c@army.mil,Female,Data Science,164.29
Ferguson,Sills,fsills2d@smh.com.au,Male,Artificial Intelligence and machine learning,313.44
Ethel,Matzel,ematzel2e@whitehouse.gov,Female,Cloud computing,
Malvina,Brister,mbrister2f@ycombinator.com,Female,Robotics and software engineering,898.31
Isacco,Clemot,iclemot2g@archive.org,Male,Cloud computing,
Fremont,Croce,fcroce2h@webeden.co.uk,Male,Data Science,416.75
Abagael,Abbotson,aabbotson2i@ed.gov,Female,Cybersecurity,227.56
Melamie,Sher,msher2j@over-blog.com,Female,Data Science,123.69
Daffie,Pudney,dpudney2k@admin.ch,Female,Cybersecurity,
Renee,Amiranda,ramiranda2l@japanpost.jp,Female,Cloud computing,477.6
Orson,Rofe,orofe2m@craigslist.org,Male,Cloud computing,29.47
Candace,Varrow,cvarrow2n@jigsy.com,Female,Artificial Intelligence and machine learning,574.39
Prue,Krout,pkrout2o@pen.io,Female,Cloud computing,120.92
Rance,Glisane,rglisane2p@bbc.co.uk,Male,Cybersecurity,202.69
Gabrielle,Rentz,grentz2q@noaa.gov,Female,Data Science,639.66
Celestyna,Gabbot,cgabbot2r@vinaora.com,Genderqueer,Artificial Intelligence and machine learning,
Diann,Juarez,djuarez2s@fc2.com,Female,Data Science,922.06
Clarence,Fitzpayn,cfitzpayn2t@ox.ac.uk,Male,Cloud computing,722.75
Craig,Pargiter,cpargiter2u@independent.co.uk,Male,Cloud computing,460.61
Jolene,Pither,jpither2v@apple.com,Female,Data Science,753.38
Meredithe,Harding,mharding2w@hp.com,Female,Robotics and software engineering,82.77
Puff,Arnli,parnli2x@biglobe.ne.jp,Male,Robotics and software engineering,263.79
Andie,Burnsyde,aburnsyde2y@typepad.com,Male,Cloud computing,202.96
Giacopo,Habbin,ghabbin2z@geocities.com,Male,Artificial Intelligence and machine learning,819.75
Sybille,Morrison,smorrison30@liveinternet.ru,Female,Robotics and software engineering,
Stormy,Rosenbloom,srosenbloom31@digg.com,Female,Cloud computing,679.97
Etan,Urvoy,eurvoy32@fotki.com,Genderqueer,Data Science,691.93
Linzy,Kobpa,lkobpa33@apple.com,Female,Robotics and software engineering,
Elmore,Bowling,ebowling34@youtube.com,Male,Cloud computing,553.49
Ram,Kofax,rkofax35@ibm.com,Male,Robotics and software engineering,
Aubrette,Flight,aflight36@ask.com,Female,Robotics and software engineering,828.1
Itch,Rutherford,irutherford37@accuweather.com,Male,Cybersecurity,
Dorothee,Albutt,dalbutt38@narod.ru,Female,Cybersecurity,547.37
Joletta,Summergill,jsummergill39@bbb.org,Female,Cloud computing,283.36
Rani,Brunker,rbrunker3a@sphinn.com,Female,Cloud computing,599.68
Rowland,Middlemass,rmiddlemass3b@fda.gov,Male,Cybersecurity,468.0
Myer,Burtwistle,mburtwistle3c@biglobe.ne.jp,Male,Cybersecurity,641.26
Morganica,Hofer,mhofer3d@aboutads.info,Female,Cybersecurity,718.23
Demetria,Essex,dessex3e@facebook.com,Female,Robotics and software engineering,
Staffard,Pavia,spavia3f@vinaora.com,Male,Data Science,
Winfred,Gepson,wgepson3g@t.co,Male,Artificial Intelligence and machine learning,
Federica,Brunel,fbrunel3h@yellowbook.com,Female,Cloud computing,888.74
Ev,Grombridge,egrombridge3i@nature.com,Male,Artificial Intelligence and machine learning,868.95
Melantha,Petrov,mpetrov3j@about.me,Female,Data Science,566.5
Bobette,Nowell,bnowell3k@51.la,Bigender,Artificial Intelligence and machine learning,829.67
Gilberte,Godfery,ggodfery3l@toplist.cz,Polygender,Artificial Intelligence and machine learning,
Ofelia,Gethouse,ogethouse3m@jugem.jp,Female,Artificial Intelligence and machine learning,
Rosalind,Dinjes,rdinjes3n@ask.com,Female,Data Science,826.38
Shayne,Billinge,sbillinge3o@facebook.com,Female,Data Science,19.11
Yolanda,Longhorn,ylonghorn3p@yahoo.com,Female,Robotics and software engineering,259.07
Taddeo,Russo,trusso3q@nifty.com,Male,Cloud computing,55.68
Tootsie,Dagnan,tdagnan3r@diigo.com,Genderfluid,Cybersecurity,336.63
Alwin,Gilley,agilley3s@hp.com,Male,Cloud computing,478.66
Francis,Vassel,fvassel3t@google.co.jp,Male,Robotics and software engineering,893.83
Virginia,Rosenbarg,vrosenbarg3u@reuters.com,Female,Robotics and software engineering,849.72
Nikita,Peaurt,npeaurt3v@linkedin.com,Male,Artificial Intelligence and machine learning,
Donaugh,Elen,delen3w@stanford.edu,Male,Artificial Intelligence and machine learning,174.28
Theobald,Bucknell,tbucknell3x@yahoo.co.jp,Male,Artificial Intelligence and machine learning,80.27
Bennie,Fyfield,bfyfield3y@goo.gl,Female,Cloud computing,
Charline,Brunsdon,cbrunsdon3z@theatlantic.com,Female,Artificial Intelligence and machine learning,
Hildegarde,Glendzer,hglendzer40@patch.com,Female,Robotics and software engineering,961.35
Virgie,Chaffyn,vchaffyn41@intel.com,Female,Cybersecurity,
Doralynne,Manz,dmanz42@umich.edu,Female,Cloud computing,
Mikey,Shetliff,mshetliff43@marketwatch.com,Non-binary,Robotics and software engineering,29.19
Gerta,Shadwick,gshadwick44@jiathis.com,Female,Cloud computing,817.37
Larissa,Luciani,lluciani45@ibm.com,Female,Robotics and software engineering,577.28
Cristionna,Bushen,cbushen46@soundcloud.com,Female,Robotics and software engineering,699.99
Alessandro,Ettels,aettels47@pinterest.com,Male,Cybersecurity,704.91
Patton,McCrone,pmccrone48@bigcartel.com,Male,Data Science,462.88
Udell,Abazi,uabazi49@illinois.edu,Male,Artificial Intelligence and machine learning,877.63
Vonni,Gartland,vgartland4a@ustream.tv,Female,Cybersecurity,325.64
Noll,Jenken,njenken4b@hibu.com,Male,Data Science,162.3
Renell,Keyzman,rkeyzman4c@nytimes.com,Female,Data Science,835.27
Ruttger,Slucock,rslucock4d@themeforest.net,Male,Artificial Intelligence and machine learning,83.04
Augustina,McHenry,amchenry4e@dion.ne.jp,Female,Cloud computing,417.36
Arliene,Richarz,aricharz4f@cloudflare.com,Genderqueer,Robotics and software engineering,43.62
Elbertine,Solloway,esolloway4g@ovh.net,Female,Data Science,431.63
Calli,Northam,cnortham4h@ucoz.ru,Female,Cloud computing,
Vassili,Caughte,vcaughte4i@is.gd,Male,Robotics and software engineering,911.49
Neda,Brandt,nbrandt4j@nba.com,Female,Artificial Intelligence and machine learning,0.18
Drew,Di Ruggiero,ddiruggiero4k@berkeley.edu,Male,Robotics and software engineering,202.17
Timofei,Hanfrey,thanfrey4l@shop-pro.jp,Male,Artificial Intelligence and machine learning,168.85
Milicent,Kidson,mkidson4m@histats.com,Female,Cloud computing,223.06
Nanci,Lung,nlung4n@i2i.jp,Female,Robotics and software engineering,
Barnaby,Espinoza,bespinoza4o@washingtonpost.com,Male,Cybersecurity,522.63
Erroll,Grunnell,egrunnell4p@sogou.com,Male,Data Science,283.78
Vicki,Giraldo,vgiraldo4q@cbslocal.com,Female,Artificial Intelligence and machine learning,19.46
Sigmund,Friar,sfriar4r@columbia.edu,Male,Robotics and software engineering,861.7
Salomon,Mytton,smytton4s@bloglovin.com,Male,Data Science,381.71
Aloisia,Aps,aaps4t@cbslocal.com,Female,Artificial Intelligence and machine learning,27.72
Hadley,Foxhall,hfoxhall4u@sfgate.com,Male,Cloud computing,395.33
Rona,O'Doohaine,rodoohaine4v@google.co.uk,Female,Data Science,700.77
Clerc,Coggeshall,ccoggeshall4w@tiny.cc,Male,Cloud computing,570.76
Olivero,Such,osuch4x@xinhuanet.com,Male,Cybersecurity,
Arabella,Kabisch,akabisch4y@goo.ne.jp,Female,Cybersecurity,355.91
Mil,Cristoforo,mcristoforo4z@globo.com,Female,Robotics and software engineering,205.54
Ado,Palmer,apalmer50@lycos.com,Male,Robotics and software engineering,
Cathlene,Cremins,ccremins51@stanford.edu,Female,Artificial Intelligence and machine learning,566.35
Joscelin,Bilston,jbilston52@lycos.com,Female,Artificial Intelligence and machine learning,
Burlie,Claibourn,bclaibourn53@eepurl.com,Genderfluid,Data Science,298.55
Dicky,Fayre,dfayre54@wordpress.org,Male,Cybersecurity,
Jarad,Mannock,jmannock55@icq.com,Male,Cloud computing,136.33
Lorri,Hargess,lhargess56@angelfire.com,Female,Cloud computing,327.83
Inger,Bisseker,ibisseker57@google.ca,Female,Cloud computing,892.92
Aharon,Stearn,astearn58@theglobeandmail.com,Male,Data Science,571.87
Brose,Templeman,btempleman59@is.gd,Male,Data Science,211.22
Caria,Postill,cpostill5a@e-recht24.de,Female,Cloud computing,348.61
Mord,Shemwell,mshemwell5b@tmall.com,Genderqueer,Artificial Intelligence and machine learning,
Ashely,Grimmert,agrimmert5c@comcast.net,Female,Cloud computing,885.97
Agna,Ambler,aambler5d@examiner.com,Female,Robotics and software engineering,
Garry,Falconer-Taylor,gfalconertaylor5e@sfgate.com,Non-binary,Cloud computing,969.64
Mart,Pitkaithly,mpitkaithly5f@archive.org,Male,Data Science,906.33
Angeline,Peetermann,apeetermann5g@wikispaces.com,Female,Cloud computing,704.82
Lu,Tooher,ltooher5h@upenn.edu,Female,Cybersecurity,702.41
Cecile,Bice,cbice5i@topsy.com,Female,Cybersecurity,183.23
Kiele,Ikringill,kikringill5j@a8.net,Agender,Cloud computing,
Ive,Dailly,idailly5k@mlb.com,Male,Artificial Intelligence and machine learning,129.26
Allen,McMeyler,amcmeyler5l@yelp.com,Male,Cybersecurity,810.16
Conway,Mucci,cmucci5m@scientificamerican.com,Male,Cloud computing,719.87
Isaak,Pegg,ipegg5n@jugem.jp,Male,Cybersecurity,913.96
Hillary,Prettyjohns,hprettyjohns5o@ebay.co.uk,Female,Data Science,962.58
Quinta,Manz,qmanz5p@yelp.com,Female,Cybersecurity,867.06
Suzy,Coffey,scoffey5q@desdev.cn,Female,Cloud computing,319.59
Herbert,Lakin,hlakin5r@naver.com,Male,Cloud computing,
Dniren,McGreil,dmcgreil5s@dmoz.org,Female,Cybersecurity,143.51
Lorenzo,Slogrove,lslogrove5t@about.com,Male,Data Science,
Giacopo,Daugherty,gdaugherty5u@google.co.uk,Male,Artificial Intelligence and machine learning,
Immanuel,Loughlin,iloughlin5v@pen.io,Genderfluid,Data Science,542.3
Ingram,Philbin,iphilbin5w@barnesandnoble.com,Male,Cloud computing,
Gonzales,Troyes,gtroyes5x@sina.com.cn,Male,Cybersecurity,369.44
Elijah,Ewens,eewens5y@wikimedia.org,Male,Data Science,342.26
Dennison,Brambell,dbrambell5z@yolasite.com,Male,Cloud computing,177.17
Quintilla,Lebell,qlebell60@homestead.com,Agender,Artificial Intelligence and machine learning,22.22
Isahella,Keep,ikeep61@nhs.uk,Polygender,Robotics and software engineering,424.61
Evelyn,Mitskevich,emitskevich62@wikia.com,Female,Robotics and software engineering,
Christye,Duffill,cduffill63@sfgate.com,Female,Cloud computing,
Isadora,O' Hogan,iohogan64@123-reg.co.uk,Female,Data Science,138.19
Stanleigh,Aindrais,saindrais65@house.gov,Male,Artificial Intelligence and machine learning,796.05
Jana,Kempton,jkempton66@rakuten.co.jp,Female,Data Science,
Clair,Leah,cleah67@ustream.tv,Male,Robotics and software engineering,739.98
Addie,Kingsmill,akingsmill68@house.gov,Male,Robotics and software engineering,693.16
Rhiamon,Copsey,rcopsey69@yahoo.com,Genderfluid,Data Science,613.55
Ivor,Pettecrew,ipettecrew6a@ucoz.ru,Male,Robotics and software engineering,250.2
Harley,Broz,hbroz6b@blogger.com,Male,Cybersecurity,908.92
Debbie,Starte,dstarte6c@jiathis.com,Non-binary,Cloud computing,750.85
Philomena,Antill,pantill6d@hostgator.com,Female,Artificial Intelligence and machine learning,848.08
Lane,McCook,lmccook6e@mapy.cz,Female,Artificial Intelligence and machine learning,740.4
Ashton,de Broke,adebroke6f@fastcompany.com,Male,Cloud computing,326.92
Ollie,Brodnecke,obrodnecke6g@barnesandnoble.com,Male,Cloud computing,141.14
Walker,Tarver,wtarver6h@hostgator.com,Male,Cybersecurity,894.71
Hermy,Costard,hcostard6i@t-online.de,Male,Artificial Intelligence and machine learning,701.49
Ophelie,Wrightim,owrightim6j@theatlantic.com,Female,Robotics and software engineering,
Avram,Maha,amaha6k@ox.ac.uk,Male,Cloud computing,
Maurene,Saltrese,msaltrese6l@twitpic.com,Female,Cloud computing,554.95
Felic,Wortley,fwortley6m@so-net.ne.jp,Male,Cloud computing,733.36
Coletta,Ballingal,cballingal6n@latimes.com,Female,Cybersecurity,
Sibel,Spoure,sspoure6o@printfriendly.com,Female,Cloud computing,620.24
Rolland,Robken,rrobken6p@bizjournals.com,Male,Data Science,837.9
Seth,Duligall,sduligall6q@prlog.org,Male,Robotics and software engineering,
Luther,De Ambrosis,ldeambrosis6r@china.com.cn,Male,Robotics and software engineering,176.16
Siward,Guy,sguy6s@omniture.com,Male,Robotics and software engineering,813.84
Blancha,Flynn,bflynn6t@buzzfeed.com,Female,Robotics and software engineering,942.23
Mellisa,McSperrin,mmcsperrin6u@arstechnica.com,Female,Cloud computing,138.76
Bart,Fallows,bfallows6v@blogtalkradio.com,Agender,Artificial Intelligence and machine learning,438.26
Ronnica,Laval,rlaval6w@google.co.uk,Female,Cloud computing,
Alix,Temlett,atemlett6x@scientificamerican.com,Male,Data Science,355.64
Nil,Mully,nmully6y@scientificamerican.com,Male,Artificial Intelligence and machine learning,
Dawn,Loton,dloton6z@mayoclinic.com,Female,Artificial Intelligence and machine learning,859.84
Wendeline,Seckom,wseckom70@ocn.ne.jp,Female,Cybersecurity,573.8
Maryann,Blooman,mblooman71@cbc.ca,Female,Cybersecurity,21.0
Adriana,Marchant,amarchant72@blogger.com,Female,Cybersecurity,131.35
Virgie,Authers,vauthers73@psu.edu,Male,Robotics and software engineering,
Bess,Wroath,bwroath74@netlog.com,Non-binary,Data Science,495.95
Crissy,de Wilde,cdewilde75@ox.ac.uk,Genderfluid,Data Science,124.36
Fabiano,Asling,fasling76@google.it,Male,Artificial Intelligence and machine learning,513.2
Kennedy,Jendas,kjendas77@wsj.com,Male,Cloud computing,
Silvia,Loughton,sloughton78@wiley.com,Female,Cybersecurity,886.83
Karie,Scarborough,kscarborough79@scientificamerican.com,Female,Cybersecurity,876.09
Tull,Darwen,tdarwen7a@admin.ch,Male,Cloud computing,
Gabie,Eck,geck7b@odnoklassniki.ru,Male,Cloud computing,
Yovonnda,Strangeway,ystrangeway7c@thetimes.co.uk,Female,Artificial Intelligence and machine learning,227.99
Robb,Fillary,rfillary7d@bbb.org,Male,Robotics and software engineering,609.33
Chrissie,Bourgeois,cbourgeois7e@fastcompany.com,Male,Cloud computing,829.74
Bertha,Riep,briep7f@meetup.com,Female,Robotics and software engineering,
Tommie,Maddox,tmaddox7g@t.co,Female,Artificial Intelligence and machine learning,161.49
Enrique,de Marco,edemarco7h@studiopress.com,Male,Cybersecurity,826.24
Tallia,Ambrogi,tambrogi7i@mozilla.com,Female,Data Science,713.07
Parsifal,Curtois,pcurtois7j@hud.gov,Genderqueer,Artificial Intelligence and machine learning,696.63
Amelina,Chattock,achattock7k@youtu.be,Female,Cybersecurity,266.72
Ruthi,Lumm,rlumm7l@craigslist.org,Female,Artificial Intelligence and machine learning,125.59
Mozelle,Cicchelli,mcicchelli7m@yahoo.co.jp,Female,Artificial Intelligence and machine learning,308.24
Scottie,Evens,sevens7n@dailymail.co.uk,Male,Data Science,
Steven,Legat,slegat7o@cisco.com,Male,Cybersecurity,872.97
Rhys,Scrivener,rscrivener7p@cpanel.net,Polygender,Cybersecurity,
Flynn,Prendeville,fprendeville7q@who.int,Male,Artificial Intelligence and machine learning,915.31
Aldric,Godsal,agodsal7r@msn.com,Male,Artificial Intelligence and machine learning,373.74
Ramonda,Morrill,rmorrill7s@liveinternet.ru,Female,Robotics and software engineering,967.17
Leila,Trumpeter,ltrumpeter7t@dailymail.co.uk,Agender,Artificial Intelligence and machine learning,332.46
Zelma,Jillings,zjillings7u@webnode.com,Female,Robotics and software engineering,
Arvy,Ingolotti,aingolotti7v@eventbrite.com,Male,Artificial Intelligence and machine learning,713.3
Clarabelle,McKitterick,cmckitterick7w@cyberchimps.com,Female,Cybersecurity,219.38
Phebe,Salsberg,psalsberg7x@about.me,Female,Cybersecurity,
Morse,Hindenburg,mhindenburg7y@last.fm,Male,Data Science,875.6
Brenna,Woodburn,bwoodburn7z@zdnet.com,Female,Cybersecurity,315.79
Raleigh,MacCosty,rmaccosty80@clickbank.net,Male,Cloud computing,665.44
Claudia,Weiner,cweiner81@abc.net.au,Female,Cybersecurity,
Shelden,Giorgetti,sgiorgetti82@devhub.com,Polygender,Artificial Intelligence and machine learning,
Burton,Raggitt,braggitt83@histats.com,Bigender,Artificial Intelligence and machine learning,396.78
Anderson,Halling,ahalling84@feedburner.com,Male,Data Science,989.84
Carlen,Chappell,cchappell85@ebay.com,Female,Robotics and software engineering,
Katheryn,Tirte,ktirte86@vk.com,Polygender,Data Science,961.41
Stinky,Moncreif,smoncreif87@earthlink.net,Male,Artificial Intelligence and machine learning,319.05
Isaiah,Follis,ifollis88@booking.com,Polygender,Cybersecurity,326.86
Eveline,Redwing,eredwing89@paginegialle.it,Female,Cloud computing,590.09
Corly,Di Frisco,cdifrisco8a@wikimedia.org,Female,Cybersecurity,552.27
Christi,Harling,charling8b@bizjournals.com,Female,Data Science,360.04
Chlo,Sissot,csissot8c@4shared.com,Bigender,Robotics and software engineering,
Romola,Reach,rreach8d@seattletimes.com,Female,Robotics and software engineering,231.49
Colin,Devas,cdevas8e@chron.com,Male,Robotics and software engineering,772.54
Odella,Jamson,ojamson8f@huffingtonpost.com,Female,Robotics and software engineering,899.54
Christiano,Welman,cwelman8g@pagesperso-orange.fr,Male,Cybersecurity,677.22
Milicent,MacShirrie,mmacshirrie8h@histats.com,Female,Data Science,
Maximo,Thatcham,mthatcham8i@cnbc.com,Male,Data Science,
Carita,Janc,cjanc8j@bluehost.com,Female,Robotics and software engineering,946.44
Norman,Disley,ndisley8k@xing.com,Male,Artificial Intelligence and machine learning,265.56
Cord,Bouller,cbouller8l@google.com.hk,Male,Artificial Intelligence and machine learning,832.37
Reilly,Segrave,rsegrave8m@telegraph.co.uk,Male,Artificial Intelligence and machine learning,586.84
Arnaldo,Burras,aburras8n@yellowpages.com,Male,Cybersecurity,454.65
Gery,Donizeau,gdonizeau8o@who.int,Male,Robotics and software engineering,80.57
Wendel,Linturn,wlinturn8p@paypal.com,Male,Cybersecurity,284.16
Con,Peinke,cpeinke8q@baidu.com,Non-binary,Artificial Intelligence and machine learning,760.09
Bradford,Cholerton,bcholerton8r@oakley.com,Male,Data Science,
Merrily,McGlew,mmcglew8s@yolasite.com,Female,Artificial Intelligence and machine learning,430.95
Bearnard,Callaghan,bcallaghan8t@phoca.cz,Male,Cybersecurity,101.54
Vicky,Heeks,vheeks8u@last.fm,Female,Cloud computing,705.12
Marylinda,Eddow,meddow8v@comsenz.com,Agender,Cloud computing,260.8
Fredericka,Jolin,fjolin8w@amazonaws.com,Female,Robotics and software engineering,347.71
Nelie,Freemantle,nfreemantle8x@jiathis.com,Female,Cybersecurity,728.52
Wakefield,Hitscher,whitscher8y@trellian.com,Male,Cybersecurity,
Lyndell,Lorenzini,llorenzini8z@aol.com,Female,Cloud computing,417.85
Orsa,Southcomb,osouthcomb90@freewebs.com,Female,Robotics and software engineering,717.96
Shaine,Brydell,sbrydell91@xrea.com,Female,Cloud computing,716.09
Berk,Hun,bhun92@dyndns.org,Male,Robotics and software engineering,
Chauncey,Francello,cfrancello93@microsoft.com,Male,Cloud computing,688.92
Damara,Augustin,daugustin94@t.co,Female,Data Science,531.34
Hunter,Record,hrecord95@whitehouse.gov,Male,Robotics and software engineering,
Garrek,Horsefield,ghorsefield96@privacy.gov.au,Male,Cybersecurity,206.91
Trevor,Abatelli,tabatelli97@sakura.ne.jp,Male,Robotics and software engineering,715.05
Mignonne,Whalebelly,mwhalebelly98@blogger.com,Female,Artificial Intelligence and machine learning,591.56
Fairfax,Summerson,fsummerson99@ibm.com,Genderfluid,Cybersecurity,747.64
Bryan,Janjusevic,bjanjusevic9a@typepad.com,Male,Robotics and software engineering,437.31
Raymond,Jepp,rjepp9b@china.com.cn,Male,Robotics and software engineering,21.6
Abbot,Hovard,ahovard9c@hao123.com,Male,Artificial Intelligence and machine learning,873.98
Jarid,Moxson,jmoxson9d@is.gd,Male,Artificial Intelligence and machine learning,848.33
Leonora,Lucus,llucus9e@google.it,Female,Cloud computing,303.93
Natasha,Sandels,nsandels9f@people.com.cn,Female,Cloud computing,228.39
Raynard,Alvarado,ralvarado9g@jugem.jp,Male,Artificial Intelligence and machine learning,225.66
Kirsti,Zienkiewicz,kzienkiewicz9h@ft.com,Female,Cloud computing,935.22
Jessie,Coton,jcoton9i@narod.ru,Female,Cloud computing,274.52
Sharron,Alam,salam9j@blog.com,Female,Cybersecurity,
Dyana,Durak,ddurak9k@bloomberg.com,Female,Artificial Intelligence and machine learning,
Libbey,Mayer,lmayer9l@wsj.com,Female,Cloud computing,495.1
Juliet,Gibben,jgibben9m@moonfruit.com,Female,Robotics and software engineering,691.32
Graehme,Woolens,gwoolens9n@reverbnation.com,Male,Cloud computing,863.28
Mercedes,Dudley,mdudley9o@nba.com,Female,Robotics and software engineering,644.44
Grata,Rapport,grapport9p@fastcompany.com,Female,Cloud computing,72.32
Kamillah,Haley,khaley9q@admin.ch,Female,Cloud computing,88.4
Berni,O'Curran,bocurran9r@quantcast.com,Female,Cloud computing,536.9
Lindsy,Vasyanin,lvasyanin9s@tamu.edu,Agender,Cybersecurity,46.09
Nicol,Bartali,nbartali9t@google.pl,Non-binary,Cybersecurity,210.66
Winslow,Aliman,waliman9u@eventbrite.com,Male,Cloud computing,
Rhodia,Pearmine,rpearmine9v@1und1.de,Female,Cloud computing,
Doria,Standen,dstanden9w@jugem.jp,Female,Data Science,852.41
Lindy,Robbert,lrobbert9x@macromedia.com,Bigender,Data Science,209.94
Kip,Shelvey,kshelvey9y@sakura.ne.jp,Male,Cybersecurity,
Allison,McIlrath,amcilrath9z@aol.com,Female,Data Science,304.34
Sarine,Endle,sendlea0@photobucket.com,Female,Cybersecurity,208.63
Beryl,Tamburo,btamburoa1@webeden.co.uk,Female,Cloud computing,453.91
Marlo,Lowson,mlowsona2@foxnews.com,Female,Data Science,112.18
Ahmed,MacCauley,amaccauleya3@google.ca,Male,Robotics and software engineering,375.44
Neel,Twopenny,ntwopennya4@rakuten.co.jp,Male,Artificial Intelligence and machine learning,469.15
Gage,Hake,ghakea5@imageshack.us,Male,Robotics and software engineering,320.44
Shaughn,Shotboulte,sshotboultea6@mozilla.org,Male,Data Science,502.46
Martie,Bohin,mbohina7@comsenz.com,Female,Data Science,846.93
Nickey,Kochlin,nkochlina8@who.int,Male,Artificial Intelligence and machine learning,
Melli,Currell,mcurrella9@shop-pro.jp,Female,Data Science,328.2
Cris,Fairlam,cfairlamaa@blogtalkradio.com,Female,Cybersecurity,427.63
Margaretha,Bercevelo,mberceveloab@hugedomains.com,Female,Artificial Intelligence and machine learning,
Tiffani,Toffolo,ttoffoloac@simplemachines.org,Female,Robotics and software engineering,412.63
Jolyn,Picknett,jpicknettad@google.fr,Female,Cybersecurity,287.8
Cristal,Menear,cmenearae@opensource.org,Non-binary,Data Science,735.46
Baron,Wegner,bwegneraf@lycos.com,Male,Cybersecurity,
Clyve,Lavallin,clavallinag@skyrock.com,Male,Robotics and software engineering,166.74
Grete,Aherne,gaherneah@noaa.gov,Female,Data Science,933.07
Alida,Gazzard,agazzardai@desdev.cn,Non-binary,Robotics and software engineering,
Maurizio,Charette,mcharetteaj@mayoclinic.com,Male,Cloud computing,593.35
Benedikt,Klees,bkleesak@desdev.cn,Male,Cybersecurity,34.49
Howard,Lowen,hlowenal@shutterfly.com,Male,Data Science,
Rozanna,Foystone,rfoystoneam@privacy.gov.au,Agender,Data Science,864.46
Sarita,Udden,suddenan@irs.gov,Female,Cloud computing,462.51
Filippo,Rozanski,frozanskiao@mashable.com,Male,Robotics and software engineering,
Collete,Hasley,chasleyap@cornell.edu,Female,Cloud computing,704.2
Jock,Durgan,jdurganaq@auda.org.au,Male,Cloud computing,102.26
Caryn,Doyley,cdoyleyar@bravesites.com,Female,Robotics and software engineering,
Farah,Newlands,fnewlandsas@opera.com,Female,Cloud computing,224.96
Ruperto,Vasyutochkin,rvasyutochkinat@pbs.org,Male,Data Science,
June,Goodisson,jgoodissonau@sakura.ne.jp,Female,Data Science,
Hollis,Casier,hcasierav@latimes.com,Male,Cybersecurity,176.98
Barrie,Atyea,batyeaaw@about.me,Agender,Cybersecurity,756.35
Rosanne,Camellini,rcamelliniax@walmart.com,Female,Cloud computing,129.35
Sena,Westnage,swestnageay@google.co.uk,Bigender,Robotics and software engineering,602.47
Blancha,Astbury,bastburyaz@nsw.gov.au,Female,Data Science,107.57
Aaren,Pottes,apottesb0@auda.org.au,Female,Robotics and software engineering,
Candide,Tooting,ctootingb1@bloomberg.com,Female,Cybersecurity,
Graeme,Turbern,gturbernb2@indiatimes.com,Genderqueer,Data Science,988.97
Gualterio,Pigot,gpigotb3@google.de,Male,Data Science,458.83
Culver,Aldam,caldamb4@behance.net,Male,Cloud computing,639.28
Sutherlan,Haton,shatonb5@wunderground.com,Male,Cybersecurity,731.64
Ruperta,Penritt,rpenrittb6@epa.gov,Female,Robotics and software engineering,475.1
Tito,Snelgrove,tsnelgroveb7@blinklist.com,Male,Cloud computing,729.25
Tabbi,Coviello,tcoviellob8@bizjournals.com,Non-binary,Artificial Intelligence and machine learning,855.01
Justin,Binnell,jbinnellb9@goo.gl,Male,Robotics and software engineering,
Jamesy,McClurg,jmcclurgba@salon.com,Male,Cybersecurity,203.83
Corella,Mortel,cmortelbb@fastcompany.com,Female,Cybersecurity,808.87
Stanford,Garbutt,sgarbuttbc@mapquest.com,Male,Artificial Intelligence and machine learning,700.26
Augusto,Beadman,abeadmanbd@yellowpages.com,Male,Robotics and software engineering,
Reagan,Herrieven,rherrievenbe@soundcloud.com,Male,Data Science,486.8
Kandace,Trowill,ktrowillbf@istockphoto.com,Female,Data Science,836.98
Anatole,Plaskett,aplaskettbg@shop-pro.jp,Male,Artificial Intelligence and machine learning,263.36
Coleen,Hamelyn,chamelynbh@dion.ne.jp,Female,Robotics and software engineering,408.54
Ikey,Quinnelly,iquinnellybi@cnet.com,Male,Robotics and software engineering,204.43
Dyanne,Gillibrand,dgillibrandbj@last.fm,Female,Cloud computing,862.59
Pippy,Klemps,pklempsbk@storify.com,Polygender,Cloud computing,
Luigi,Chase,lchasebl@wsj.com,Polygender,Data Science,294.05
Opaline,Jarmaine,ojarmainebm@google.com.hk,Female,Cybersecurity,925.09
Yolande,Vanstone,yvanstonebn@liveinternet.ru,Female,Artificial Intelligence and machine learning,806.9
Luce,Batty,lbattybo@youku.com,Male,Cloud computing,201.37
Melitta,Cristou,mcristoubp@reference.com,Female,Artificial Intelligence and machine learning,
Papageno,Cowans,pcowansbq@51.la,Male,Artificial Intelligence and machine learning,471.56
Schuyler,Zaniolini,szaniolinibr@redcross.org,Male,Robotics and software engineering,65.22
Donavon,Smitham,dsmithambs@nsw.gov.au,Male,Cloud computing,
Rory,Cicculi,rcicculibt@infoseek.co.jp,Male,Data Science,199.96
Scarlet,Dunkley,sdunkleybu@google.de,Female,Artificial Intelligence and machine learning,313.12
Lowe,Clementson,lclementsonbv@mapy.cz,Genderqueer,Cybersecurity,236.92
Kelila,Gauche,kgauchebw@census.gov,Female,Cybersecurity,
Julian,Jewell,jjewellbx@cbsnews.com,Male,Cybersecurity,367.61
Birk,Raffan,braffanby@nba.com,Male,Robotics and software engineering,404.52
Jocelyn,Bickerton,jbickertonbz@japanpost.jp,Female,Cloud computing,114.27
Shina,Ropartz,sropartzc0@ftc.gov,Female,Robotics and software engineering,590.55
Emilio,Roizin,eroizinc1@unesco.org,Male,Data Science,4.97
Joe,Masserel,jmasserelc2@home.pl,Male,Cybersecurity,
Larine,Green,lgreenc3@timesonline.co.uk,Female,Cybersecurity,451.22
Parnell,Bannell,pbannellc4@behance.net,Male,Cybersecurity,40.05
Mortimer,Sidebotham,msidebothamc5@printfriendly.com,Male,Cybersecurity,176.06
Natalina,Carswell,ncarswellc6@techcrunch.com,Female,Data Science,513.14
Marie-jeanne,Dwane,mdwanec7@edublogs.org,Female,Data Science,285.71
Sandie,Conisbee,sconisbeec8@yellowbook.com,Female,Cybersecurity,
Vincent,Girardin,vgirardinc9@sciencedaily.com,Male,Robotics and software engineering,622.82
Noellyn,Yegorshin,nyegorshinca@latimes.com,Bigender,Cybersecurity,461.19
Clara,MacIntosh,cmacintoshcb@jiathis.com,Non-binary,Cloud computing,841.49
Dwain,Aiston,daistoncc@taobao.com,Male,Data Science,563.79
Celestine,Radish,cradishcd@hc360.com,Female,Artificial Intelligence and machine learning,392.6
Tedmund,De Andisie,tdeandisiece@rediff.com,Male,Robotics and software engineering,893.18
Odella,Grimshaw,ogrimshawcf@ucla.edu,Female,Robotics and software engineering,
Rufe,Rockingham,rrockinghamcg@samsung.com,Male,Data Science,812.66
Virgie,Given,vgivench@cbc.ca,Male,Cloud computing,753.08
Fannie,O'Heffernan,foheffernanci@naver.com,Female,Robotics and software engineering,194.58
Coop,Claessens,cclaessenscj@engadget.com,Male,Artificial Intelligence and machine learning,
Carleton,Beed,cbeedck@last.fm,Male,Artificial Intelligence and machine learning,
Tybalt,Bernaldez,tbernaldezcl@psu.edu,Male,Cybersecurity,875.09
Daffie,Dayment,ddaymentcm@merriam-webster.com,Female,Cloud computing,243.62
Farrell,Adkins,fadkinscn@bluehost.com,Male,Data Science,974.17
Blancha,Diffley,bdiffleyco@spotify.com,Female,Cybersecurity,
Koren,Stroobant,kstroobantcp@engadget.com,Female,Robotics and software engineering,
Annnora,Mullaney,amullaneycq@sciencedaily.com,Polygender,Robotics and software engineering,
Shaun,Diviney,sdivineycr@a8.net,Male,Data Science,446.37
Nanon,Corey,ncoreycs@istockphoto.com,Female,Artificial Intelligence and machine learning,187.4
Sayers,Ricker,srickerct@ed.gov,Male,Robotics and software engineering,555.81
Bartlet,Lewry,blewrycu@noaa.gov,Male,Artificial Intelligence and machine learning,
Galen,Lafee,glafeecv@blogspot.com,Male,Cybersecurity,576.44
Benni,Iscowitz,biscowitzcw@hatena.ne.jp,Female,Cloud computing,203.36
Isahella,Connors,iconnorscx@phpbb.com,Female,Cybersecurity,
Cahra,Pentercost,cpentercostcy@hatena.ne.jp,Female,Robotics and software engineering,
Oralee,Browning,obrowningcz@ucla.edu,Female,Cybersecurity,950.22
Avie,Daughtry,adaughtryd0@businesswire.com,Female,Artificial Intelligence and machine learning,919.88
Bren,O'Sheils,bosheilsd1@nhs.uk,Female,Robotics and software engineering,951.83
Shelly,Halford,shalfordd2@feedburner.com,Female,Robotics and software engineering,
Cletis,Spera,csperad3@mozilla.org,Male,Artificial Intelligence and machine learning,543.49
Liva,Fluin,lfluind4@instagram.com,Female,Robotics and software engineering,109.73
Valentine,Humbles,vhumblesd5@chicagotribune.com,Female,Robotics and software engineering,961.85
Raoul,Gavigan,rgavigand6@amazon.de,Male,Cybersecurity,320.17
Lurline,Mellish,lmellishd7@vkontakte.ru,Female,Cybersecurity,941.49
Nancey,Brouard,nbrouardd8@yandex.ru,Genderqueer,Cloud computing,982.55
Charmaine,Whitmore,cwhitmored9@blinklist.com,Female,Data Science,704.17
Rafe,Climo,rclimoda@nasa.gov,Male,Artificial Intelligence and machine learning,
Kirsten,Waggett,kwaggettdb@nyu.edu,Female,Data Science,979.2
Henriette,Houndsom,hhoundsomdc@liveinternet.ru,Female,Robotics and software engineering,187.34
Harry,Glentworth,hglentworthdd@istockphoto.com,Male,Artificial Intelligence and machine learning,
Olive,Thurgood,othurgoodde@networksolutions.com,Female,Robotics and software engineering,919.0
Isidro,Buttress,ibuttressdf@facebook.com,Male,Cybersecurity,
Germana,Morais,gmoraisdg@arstechnica.com,Female,Artificial Intelligence and machine learning,782.84
Aldric,Braben,abrabendh@cam.ac.uk,Male,Data Science,758.9
Staffard,Whissell,swhisselldi@cbsnews.com,Male,Robotics and software engineering,857.04
Kenn,Edgehill,kedgehilldj@businessweek.com,Male,Data Science,108.75
Ameline,McAless,amcalessdk@ycombinator.com,Agender,Data Science,344.76
Bertha,Barr,bbarrdl@t-online.de,Female,Cybersecurity,272.59
Granny,Bowskill,gbowskilldm@squarespace.com,Male,Cybersecurity,486.39
Adriana,Talboy,atalboydn@yahoo.com,Female,Robotics and software engineering,
Kristyn,Ballay,kballaydo@senate.gov,Female,Artificial Intelligence and machine learning,264.87
Cordy,Burkill,cburkilldp@jiathis.com,Female,Artificial Intelligence and machine learning,690.24
Janis,Brunel,jbruneldq@blogger.com,Bigender,Robotics and software engineering,908.16
Gilbertina,Bryce,gbrycedr@paypal.com,Female,Data Science,117.42
Taite,Garahan,tgarahands@ustream.tv,Male,Cloud computing,197.61
Aloin,Keward,akewarddt@aboutads.info,Male,Cybersecurity,713.08
Lishe,Vasilenko,lvasilenkodu@yelp.com,Female,Robotics and software engineering,782.72
Wilmette,Gostage,wgostagedv@xrea.com,Female,Cybersecurity,410.52
Raimund,Asmus,rasmusdw@slashdot.org,Male,Data Science,396.77
Port,Soppett,psoppettdx@odnoklassniki.ru,Male,Data Science,714.87
Nancey,Aubin,naubindy@oaic.gov.au,Female,Data Science,588.72
Aurea,Petruskevich,apetruskevichdz@eepurl.com,Female,Cloud computing,
Bartolomeo,Horstead,bhorsteade0@discovery.com,Male,Cybersecurity,595.66
Pearce,Ure,puree1@usgs.gov,Male,Robotics and software engineering,
Keenan,Turville,kturvillee2@linkedin.com,Male,Data Science,597.76
Fae,Niles,fnilese3@istockphoto.com,Female,Artificial Intelligence and machine learning,235.55
Leela,Choak,lchoake4@wix.com,Female,Robotics and software engineering,
Gerrie,Jedrachowicz,gjedrachowicze5@flickr.com,Female,Robotics and software engineering,
Irwin,Huskinson,ihuskinsone6@example.com,Male,Cybersecurity,3.03
Travis,Fearn,tfearne7@etsy.com,Male,Robotics and software engineering,
Cathie,Roussel,croussele8@eepurl.com,Polygender,Cybersecurity,958.23
Leo,Soughton,lsoughtone9@mozilla.org,Male,Cybersecurity,
Marjory,Plumbley,mplumbleyea@samsung.com,Female,Cloud computing,
Chrisse,Brazenor,cbrazenoreb@linkedin.com,Male,Robotics and software engineering,
Enid,Izen,eizenec@domainmarket.com,Female,Artificial Intelligence and machine learning,630.62
Berry,Challenor,bchallenored@plala.or.jp,Female,Robotics and software engineering,
Karine,Rosie,krosieee@pinterest.com,Female,Cloud computing,648.64
Torry,Broughton,tbroughtonef@1688.com,Male,Robotics and software engineering,331.47
Devin,Yellowlea,dyellowleaeg@moonfruit.com,Male,Cybersecurity,948.55
Norean,Ladyman,nladymaneh@mediafire.com,Female,Artificial Intelligence and machine learning,
Zebulon,Hawley,zhawleyei@cnbc.com,Male,Cloud computing,35.83
Fowler,Alliston,fallistonej@nature.com,Male,Artificial Intelligence and machine learning,117.21
Hobie,Daid,hdaidek@ted.com,Male,Data Science,
Vivie,McCorrie,vmccorrieel@cbsnews.com,Female,Data Science,
Arlana,Brettelle,abrettelleem@un.org,Polygender,Robotics and software engineering,939.71
Tris,holmes,tholmesen@icq.com,Genderqueer,Cybersecurity,227.22
Iorgos,Kaysor,ikaysoreo@pinterest.com,Male,Cloud computing,632.32
Flossy,FitzGeorge,ffitzgeorgeep@storify.com,Female,Robotics and software engineering,798.02
Caritta,Form,cformeq@mashable.com,Female,Cloud computing,356.39
Bud,Carmichael,bcarmichaeler@webs.com,Male,Cybersecurity,72.27
Lynnea,McKibbin,lmckibbines@vk.com,Female,Artificial Intelligence and machine learning,351.49
Angelika,Polino,apolinoet@unicef.org,Female,Artificial Intelligence and machine learning,359.75
Halsy,Stronach,hstronacheu@ocn.ne.jp,Male,Cybersecurity,527.38
Lek,McMorran,lmcmorranev@timesonline.co.uk,Male,Robotics and software engineering,
Ethelda,Slocum,eslocumew@hp.com,Female,Cloud computing,583.41
Corella,Lightwing,clightwingex@google.co.jp,Female,Cloud computing,92.32
Gabie,Rosi,grosiey@usda.gov,Male,Data Science,42.32
Gregorio,Rawood,grawoodez@state.gov,Male,Robotics and software engineering,530.3
Cal,Etherington,cetheringtonf0@netscape.com,Male,Cybersecurity,
Lucas,Black,lblackf1@opera.com,Male,Cybersecurity,460.9
Carr,Ridger,cridgerf2@whitehouse.gov,Male,Artificial Intelligence and machine learning,503.82
Norrie,Bordman,nbordmanf3@i2i.jp,Female,Cybersecurity,652.7
Eden,Trulock,etrulockf4@simplemachines.org,Female,Data Science,774.16
Carey,Rikel,crikelf5@washingtonpost.com,Male,Robotics and software engineering,225.78
Clair,Sprull,csprullf6@cafepress.com,Genderqueer,Cybersecurity,569.86
Lesli,Keneforde,lkenefordef7@eventbrite.com,Female,Cybersecurity,980.72
Sallyanne,Beacon,sbeaconf8@sourceforge.net,Female,Cloud computing,
Bud,Leader,bleaderf9@answers.com,Male,Cloud computing,
Kacie,MacGinlay,kmacginlayfa@nydailynews.com,Female,Robotics and software engineering,779.76
Sheffie,Echalie,sechaliefb@noaa.gov,Genderqueer,Artificial Intelligence and machine learning,6.46
Tobey,Boles,tbolesfc@google.co.jp,Female,Artificial Intelligence and machine learning,320.6
Fernando,Choulerton,fchoulertonfd@rakuten.co.jp,Male,Cybersecurity,426.61
Cortie,Lukas,clukasfe@about.com,Male,Artificial Intelligence and machine learning,110.61
Ailyn,Ridde,ariddeff@myspace.com,Female,Cloud computing,313.48
Laverna,Sinson,lsinsonfg@google.com.au,Female,Cloud computing,836.41
Ragnar,Chivers,rchiversfh@hubpages.com,Male,Cloud computing,
Hi,Wooding,hwoodingfi@scientificamerican.com,Male,Robotics and software engineering,
Amy,Latch,alatchfj@tamu.edu,Agender,Cloud computing,79.87
Abner,Fairrie,afairriefk@hostgator.com,Male,Cybersecurity,
Jsandye,Gronno,jgronnofl@wiley.com,Female,Cybersecurity,
Lotty,Renihan,lrenihanfm@tumblr.com,Female,Robotics and software engineering,505.07
Burke,Peltzer,bpeltzerfn@ow.ly,Male,Data Science,741.35
Win,Donson,wdonsonfo@ifeng.com,Male,Cloud computing,
Immanuel,Villa,ivillafp@cdbaby.com,Male,Data Science,
Abramo,Meneely,ameneelyfq@google.com.br,Male,Data Science,637.36
Clemence,Marrable,cmarrablefr@bizjournals.com,Polygender,Cybersecurity,140.28
Siffre,Goodhand,sgoodhandfs@twitpic.com,Agender,Cybersecurity,18.67
Odelinda,Dallicott,odallicottft@com.com,Female,Artificial Intelligence and machine learning,
Enrichetta,Apark,eaparkfu@chronoengine.com,Female,Artificial Intelligence and machine learning,
Sigfrid,Polye,spolyefv@time.com,Polygender,Artificial Intelligence and machine learning,605.24
Harwell,Cruikshank,hcruikshankfw@clickbank.net,Male,Cybersecurity,111.75
Charlotta,Labro,clabrofx@aol.com,Female,Artificial Intelligence and machine learning,567.48
Mikael,Standbridge,mstandbridgefy@pinterest.com,Male,Artificial Intelligence and machine learning,740.29
Estele,Ewence,eewencefz@geocities.jp,Female,Cybersecurity,119.72
Sully,McAllister,smcallisterg0@oracle.com,Male,Data Science,154.37
Priscella,Dorre,pdorreg1@163.com,Female,Robotics and software engineering,703.9
Claudetta,MacCaughey,cmaccaugheyg2@imageshack.us,Female,Cybersecurity,644.67
Clo,Godmar,cgodmarg3@guardian.co.uk,Female,Robotics and software engineering,
Grissel,Mugglestone,gmugglestoneg4@wisc.edu,Female,Artificial Intelligence and machine learning,594.12
Arlan,Antyshev,aantyshevg5@vk.com,Male,Artificial Intelligence and machine learning,596.86
Clementina,Rosenfarb,crosenfarbg6@homestead.com,Female,Cloud computing,587.08
Kippy,Kamenar,kkamenarg7@webnode.com,Male,Artificial Intelligence and machine learning,801.7
Cassandre,Gimblett,cgimblettg8@chron.com,Agender,Artificial Intelligence and machine learning,233.84
Cheryl,Patinkin,cpatinking9@mozilla.com,Genderfluid,Cloud computing,639.47
Clair,Sheere,csheerega@usgs.gov,Male,Cybersecurity,164.34
Harv,Dishmon,hdishmongb@ucoz.com,Male,Artificial Intelligence and machine learning,217.09
Dur,Khidr,dkhidrgc@yahoo.co.jp,Male,Artificial Intelligence and machine learning,32.26
Hy,Dodds,hdoddsgd@spiegel.de,Male,Artificial Intelligence and machine learning,781.82
Geoffry,Flaunders,gflaundersge@accuweather.com,Male,Cybersecurity,63.61
Tommie,Menaul,tmenaulgf@psu.edu,Female,Artificial Intelligence and machine learning,
Raquel,Ruppel,rruppelgg@go.com,Female,Robotics and software engineering,386.58
Hi,Filochov,hfilochovgh@comsenz.com,Male,Data Science,510.8
Lu,Scoates,lscoatesgi@friendfeed.com,Female,Cybersecurity,776.19
Del,Campe,dcampegj@fda.gov,Female,Cloud computing,189.88
Constantin,Cellier,ccelliergk@eepurl.com,Male,Data Science,718.5
Desi,Gorgen,dgorgengl@behance.net,Male,Data Science,194.43
Florian,Dron,fdrongm@istockphoto.com,Male,Artificial Intelligence and machine learning,3.68
Sarette,Dillingstone,sdillingstonegn@cornell.edu,Female,Cybersecurity,982.14
Parnell,Lehemann,plehemanngo@earthlink.net,Non-binary,Data Science,256.85
Chlo,Bould,cbouldgp@unicef.org,Female,Data Science,303.54
Onfroi,Putterill,oputterillgq@msn.com,Male,Cloud computing,
Ella,Faircley,efaircleygr@samsung.com,Female,Data Science,339.43
Fawn,Phillip,fphillipgs@walmart.com,Non-binary,Cloud computing,149.62
Matthias,Van der Hoven,mvanderhovengt@latimes.com,Male,Cloud computing,
Reggie,Wilby,rwilbygu@blogger.com,Female,Artificial Intelligence and machine learning,
Erskine,L'Episcopio,elepiscopiogv@facebook.com,Male,Artificial Intelligence and machine learning,446.15
Whittaker,Poter,wpotergw@360.cn,Male,Robotics and software engineering,170.08
Aile,Poletto,apolettogx@lulu.com,Female,Artificial Intelligence and machine learning,
Malory,Rose,mrosegy@tripadvisor.com,Female,Robotics and software engineering,491.75
Ollie,Mucci,omuccigz@nyu.edu,Male,Data Science,728.75
Fons,Roydon,froydonh0@phpbb.com,Male,Artificial Intelligence and machine learning,480.73
Geno,Nurcombe,gnurcombeh1@studiopress.com,Male,Robotics and software engineering,436.02
Lock,Filppetti,lfilppettih2@constantcontact.com,Male,Robotics and software engineering,
Bank,Cottu,bcottuh3@hubpages.com,Male,Data Science,705.29
Georgeta,Gaze,ggazeh4@dailymail.co.uk,Female,Robotics and software engineering,723.93
Doralynne,Stanner,dstannerh5@wunderground.com,Female,Data Science,65.44
Laney,Cornforth,lcornforthh6@shinystat.com,Female,Data Science,62.52
Deena,Morch,dmorchh7@about.com,Female,Data Science,
Garwood,Stealfox,gstealfoxh8@fda.gov,Male,Robotics and software engineering,492.56
Renelle,Haitlie,rhaitlieh9@ocn.ne.jp,Female,Data Science,841.57
Carly,de Savery,cdesaveryha@google.ru,Female,Robotics and software engineering,579.39
Nappie,Shelsher,nshelsherhb@nasa.gov,Male,Robotics and software engineering,
Linn,Romanelli,lromanellihc@amazon.co.jp,Male,Cybersecurity,497.84
Lewes,Kubach,lkubachhd@google.nl,Male,Artificial Intelligence and machine learning,
Kellia,McCarroll,kmccarrollhe@webmd.com,Female,Cloud computing,135.59
Crosby,Jannaway,cjannawayhf@wikia.com,Male,Cybersecurity,
Thekla,Opdenort,topdenorthg@va.gov,Female,Data Science,725.81
Reade,Kenyon,rkenyonhh@bing.com,Male,Cybersecurity,380.16
Trstram,Lain,tlainhi@goo.ne.jp,Male,Robotics and software engineering,
Aggi,Doumerc,adoumerchj@ftc.gov,Female,Cloud computing,14.89
Cathrine,Greguoli,cgreguolihk@stumbleupon.com,Female,Robotics and software engineering,
Yolane,French,yfrenchhl@wunderground.com,Non-binary,Robotics and software engineering,
Roi,Pierri,rpierrihm@sphinn.com,Male,Cloud computing,475.91
Sherlocke,McGrotty,smcgrottyhn@epa.gov,Male,Cloud computing,368.17
Orin,Hansed,ohansedho@fda.gov,Male,Artificial Intelligence and machine learning,
Bernie,Rippon,bripponhp@angelfire.com,Male,Cybersecurity,
Maximilien,Ossulton,mossultonhq@infoseek.co.jp,Male,Data Science,919.59
Nickie,Schuster,nschusterhr@nymag.com,Male,Cloud computing,
Corrina,Constable,cconstablehs@skyrock.com,Female,Cybersecurity,681.04
Stanwood,Attack,sattackht@icio.us,Male,Data Science,
Roxine,Swedeland,rswedelandhu@rakuten.co.jp,Female,Cloud computing,212.34
Prentice,Porson,pporsonhv@ycombinator.com,Male,Artificial Intelligence and machine learning,264.63
Tamiko,Kiellor,tkiellorhw@sciencedaily.com,Female,Robotics and software engineering,980.74
Vikki,Pafford,vpaffordhx@bigcartel.com,Female,Artificial Intelligence and machine learning,713.17
Melvyn,Castillon,mcastillonhy@craigslist.org,Male,Artificial Intelligence and machine learning,947.59
Constancia,Finlayson,cfinlaysonhz@webmd.com,Female,Data Science,139.5
Alverta,Tyzack,atyzacki0@fotki.com,Non-binary,Cybersecurity,
Clarissa,Dudney,cdudneyi1@mashable.com,Female,Artificial Intelligence and machine learning,785.37
Rance,Leigh,rleighi2@shop-pro.jp,Male,Cloud computing,702.28
Violetta,Vaughan,vvaughani3@utexas.edu,Female,Cybersecurity,711.19
Russ,Grayer,rgrayeri4@un.org,Male,Robotics and software engineering,
Flinn,Jerisch,fjerischi5@unc.edu,Male,Robotics and software engineering,244.92
Penelopa,Gerault,pgeraulti6@abc.net.au,Female,Cloud computing,617.33
Noam,Miall,nmialli7@pcworld.com,Male,Cloud computing,
Jeramey,Sparey,jspareyi8@forbes.com,Male,Cybersecurity,807.72
Kaylyn,Crimin,kcrimini9@npr.org,Agender,Artificial Intelligence and machine learning,864.73
Gert,Addlestone,gaddlestoneia@soundcloud.com,Female,Cloud computing,317.89
Vin,Scallan,vscallanib@guardian.co.uk,Female,Cybersecurity,306.69
Lura,Pharo,lpharoic@independent.co.uk,Female,Cloud computing,813.27
Hewett,Hallward,hhallwardid@netvibes.com,Male,Cybersecurity,
Norrie,Branchflower,nbranchflowerie@chronoengine.com,Female,Data Science,
Alejoa,Chape,achapeif@miitbeian.gov.cn,Male,Robotics and software engineering,636.03
Wheeler,Dyka,wdykaig@discovery.com,Male,Robotics and software engineering,312.49
Mauricio,Watman,mwatmanih@scribd.com,Male,Data Science,
Hewett,Breem,hbreemii@imageshack.us,Male,Cybersecurity,814.62
Tamqrah,Van Der Weedenburg,tvanderweedenburgij@netscape.com,Female,Robotics and software engineering,705.06
George,Huggen,ghuggenik@nifty.com,Male,Cybersecurity,315.66
Murdoch,Foley,mfoleyil@mail.ru,Male,Cybersecurity,846.26
Modestia,Maren,mmarenim@wikimedia.org,Female,Data Science,37.06
Edsel,Duggen,eduggenin@scientificamerican.com,Male,Cybersecurity,588.74
Dionysus,Dobkin,ddobkinio@cpanel.net,Male,Data Science,936.12
Eugen,Neary,enearyip@cnbc.com,Male,Data Science,436.1
Bobbye,Trimble,btrimbleiq@ted.com,Polygender,Artificial Intelligence and machine learning,68.71
Tome,De Meis,tdemeisir@networkadvertising.org,Male,Cybersecurity,464.69
Yehudit,Cowdry,ycowdryis@yellowpages.com,Genderqueer,Cybersecurity,527.78
Jermaine,Yakunin,jyakuninit@hubpages.com,Male,Cloud computing,964.85
Ruprecht,Longfield,rlongfieldiu@cnn.com,Male,Cloud computing,913.77
Talya,Filippi,tfilippiiv@oaic.gov.au,Female,Cybersecurity,877.2
Gus,Fairbairn,gfairbairniw@storify.com,Female,Artificial Intelligence and machine learning,
Bordie,Shrieve,bshrieveix@issuu.com,Male,Artificial Intelligence and machine learning,
Austen,Bilbey,abilbeyiy@google.ca,Male,Data Science,
Renelle,Deighan,rdeighaniz@cbc.ca,Female,Cloud computing,717.71
Trstram,Kinzel,tkinzelj0@gizmodo.com,Male,Data Science,196.81
Chloris,Cullon,ccullonj1@cisco.com,Female,Cloud computing,536.5
Humphrey,Seatter,hseatterj2@rakuten.co.jp,Bigender,Cybersecurity,346.46
Orson,Choules,ochoulesj3@elegantthemes.com,Male,Robotics and software engineering,795.31
Hersch,Oxley,hoxleyj4@google.ru,Male,Cybersecurity,667.98
Hannie,Guppey,hguppeyj5@drupal.org,Female,Cybersecurity,781.46
Wallie,Stockle,wstocklej6@surveymonkey.com,Non-binary,Cybersecurity,213.1
Sigfried,Celle,scellej7@paypal.com,Male,Cloud computing,436.8
Delmar,Woolland,dwoollandj8@free.fr,Non-binary,Cybersecurity,965.56
Twila,Donnellan,tdonnellanj9@home.pl,Female,Artificial Intelligence and machine learning,
Lanae,Binney,lbinneyja@eventbrite.com,Female,Cloud computing,
Orion,Ellerby,oellerbyjb@drupal.org,Male,Data Science,500.29
Penni,Prudham,pprudhamjc@apache.org,Female,Cybersecurity,368.87
Daveen,Giacobo,dgiacobojd@google.es,Female,Data Science,
Syd,Touson,stousonje@mozilla.com,Male,Cybersecurity,493.74
Daffy,Franklyn,dfranklynjf@blogger.com,Female,Cybersecurity,570.65
Rebeka,Hayfield,rhayfieldjg@amazon.com,Genderfluid,Cybersecurity,
Aindrea,MacIan,amacianjh@printfriendly.com,Non-binary,Cybersecurity,536.49
Perkin,Syratt,psyrattji@cnn.com,Genderqueer,Cybersecurity,
Auroora,Sheffield,asheffieldjj@statcounter.com,Female,Artificial Intelligence and machine learning,767.11
Madella,Hickeringill,mhickeringilljk@godaddy.com,Female,Artificial Intelligence and machine learning,611.4
Ferrell,Bleacher,fbleacherjl@google.nl,Male,Cybersecurity,966.54
Carmelia,Hounihan,chounihanjm@parallels.com,Female,Cybersecurity,332.8
Neale,Jacquemet,njacquemetjn@desdev.cn,Male,Data Science,901.67
Ettore,Parkyns,eparkynsjo@accuweather.com,Male,Artificial Intelligence and machine learning,644.51
Francisco,Grimm,fgrimmjp@guardian.co.uk,Male,Cloud computing,413.9
Brewer,Pelling,bpellingjq@devhub.com,Male,Artificial Intelligence and machine learning,
Guido,Copnell,gcopnelljr@intel.com,Male,Cybersecurity,
Sorcha,Wilshere,swilsherejs@is.gd,Female,Data Science,968.88
Adair,Dinneen,adinneenjt@boston.com,Genderqueer,Artificial Intelligence and machine learning,
Valdemar,Nardi,vnardiju@w3.org,Male,Artificial Intelligence and machine learning,932.18
Nikolai,Teas,nteasjv@mysql.com,Male,Robotics and software engineering,123.07
Janel,Laite,jlaitejw@illinois.edu,Female,Cloud computing,548.18
Fayth,Stoate,fstoatejx@whitehouse.gov,Female,Data Science,674.37
Ivette,Darter,idarterjy@statcounter.com,Female,Cloud computing,208.53
Joline,Rosewarne,jrosewarnejz@360.cn,Female,Artificial Intelligence and machine learning,459.33
Jakob,Paur,jpaurk0@reddit.com,Male,Robotics and software engineering,401.49
Joellyn,Beville,jbevillek1@yellowpages.com,Female,Artificial Intelligence and machine learning,
Drew,Le Brun,dlebrunk2@tripadvisor.com,Male,Cloud computing,110.6
Shadow,Issit,sissitk3@webeden.co.uk,Male,Artificial Intelligence and machine learning,522.34
Travers,Stolworthy,tstolworthyk4@geocities.jp,Male,Robotics and software engineering,231.01
Merry,Heggison,mheggisonk5@hubpages.com,Female,Data Science,134.37
Laurel,Stileman,lstilemank6@washington.edu,Female,Data Science,601.81
Karlie,Guerriero,kguerrierok7@cbslocal.com,Female,Artificial Intelligence and machine learning,30.33
Alvie,Jaimez,ajaimezk8@hugedomains.com,Male,Cybersecurity,558.41
Yancey,Mytton,ymyttonk9@upenn.edu,Male,Cloud computing,448.9
Maxine,Pickin,mpickinka@nifty.com,Female,Robotics and software engineering,885.17
Wilden,Danilovitch,wdanilovitchkb@mayoclinic.com,Male,Robotics and software engineering,720.11
Sylvia,Byway,sbywaykc@hp.com,Female,Cloud computing,36.06
Brit,Cabbell,bcabbellkd@whitehouse.gov,Male,Cloud computing,260.67
Nichole,Gillaspy,ngillaspyke@opensource.org,Male,Robotics and software engineering,411.97
Alejandra,Fery,aferykf@people.com.cn,Female,Cybersecurity,473.61
Horacio,Cardall,hcardallkg@google.ru,Male,Artificial Intelligence and machine learning,953.39
Roberta,Bamblett,rbamblettkh@nba.com,Female,Data Science,1.61
Anita,Tinker,atinkerki@about.me,Female,Artificial Intelligence and machine learning,612.34
Daryl,Key,dkeykj@vimeo.com,Female,Artificial Intelligence and machine learning,69.68
Mellisent,Haresnaip,mharesnaipkk@vistaprint.com,Female,Data Science,462.29
Jacklyn,Cahalan,jcahalankl@theglobeandmail.com,Female,Cloud computing,360.91
Waite,Lambrick,wlambrickkm@themeforest.net,Male,Cybersecurity,799.34
Darryl,Durtnall,ddurtnallkn@examiner.com,Male,Robotics and software engineering,372.3
Ginger,Stearnes,gstearnesko@answers.com,Female,Robotics and software engineering,449.16
Kandace,Bernot,kbernotkp@netvibes.com,Female,Artificial Intelligence and machine learning,362.34
Dom,Kuschel,dkuschelkq@arizona.edu,Male,Cloud computing,82.2
Kevyn,Yorke,kyorkekr@dyndns.org,Female,Data Science,784.57
Laird,Smithies,lsmithiesks@gnu.org,Male,Artificial Intelligence and machine learning,638.4
Perceval,Barabich,pbarabichkt@gmpg.org,Male,Cloud computing,819.02
Willi,Mingo,wmingoku@shutterfly.com,Female,Cloud computing,754.88
Allegra,Bowring,abowringkv@walmart.com,Female,Cybersecurity,789.3
Devin,O'Spellissey,dospellisseykw@rakuten.co.jp,Female,Artificial Intelligence and machine learning,
Sarajane,Batchley,sbatchleykx@google.co.jp,Female,Robotics and software engineering,713.31
Raeann,Pointin,rpointinky@lycos.com,Female,Artificial Intelligence and machine learning,726.79
Vinson,Ruger,vrugerkz@booking.com,Male,Cybersecurity,406.51
Enrica,Glave,eglavel0@webs.com,Female,Data Science,264.76
Koenraad,Walter,kwalterl1@goodreads.com,Male,Data Science,
Xavier,Winfred,xwinfredl2@nationalgeographic.com,Male,Cybersecurity,364.94
Caesar,Greensmith,cgreensmithl3@netscape.com,Male,Cloud computing,909.55
Sully,Mathy,smathyl4@miibeian.gov.cn,Male,Data Science,472.89
Whitby,Peace,wpeacel5@ask.com,Male,Cloud computing,984.43
Jourdain,Ambrogioni,jambrogionil6@epa.gov,Male,Cloud computing,
Sela,Kurdani,skurdanil7@delicious.com,Female,Data Science,887.15
Cacilie,Gebhardt,cgebhardtl8@nytimes.com,Polygender,Data Science,974.04
Ethan,Wattisham,ewattishaml9@bloglovin.com,Male,Cloud computing,172.93
Netta,Gerraty,ngerratyla@smh.com.au,Female,Robotics and software engineering,
Norman,Josifovic,njosifoviclb@devhub.com,Male,Cybersecurity,284.62
Marcel,Vuitton,mvuittonlc@epa.gov,Male,Cloud computing,194.54
Rosaleen,Verdie,rverdield@theglobeandmail.com,Female,Cybersecurity,882.61
Billi,Kerrich,bkerrichle@taobao.com,Female,Artificial Intelligence and machine learning,418.42
Mylo,Espin,mespinlf@wisc.edu,Genderfluid,Artificial Intelligence and machine learning,74.98
Aura,Rennebach,arennebachlg@ed.gov,Female,Artificial Intelligence and machine learning,801.94
Kessiah,Lieb,klieblh@state.tx.us,Female,Cloud computing,609.84
Kit,Upjohn,kupjohnli@wikispaces.com,Female,Cybersecurity,597.89
Demetria,Balaam,dbalaamlj@tripadvisor.com,Female,Artificial Intelligence and machine learning,18.04
Pietrek,Grinval,pgrinvallk@tmall.com,Male,Cloud computing,347.36
Rosaline,Henrique,rhenriquell@ocn.ne.jp,Female,Data Science,
Ali,Columbine,acolumbinelm@clickbank.net,Female,Cloud computing,141.39
Husain,Andrick,handrickln@flickr.com,Male,Artificial Intelligence and machine learning,
Ronnica,Swires,rswireslo@craigslist.org,Female,Artificial Intelligence and machine learning,942.16
Walden,Plaster,wplasterlp@youtube.com,Male,Cybersecurity,35.4
Joshuah,Rubinowitch,jrubinowitchlq@cloudflare.com,Male,Cloud computing,721.07
Baillie,Letchmore,bletchmorelr@about.com,Male,Robotics and software engineering,
Ilse,Pusill,ipusillls@whitehouse.gov,Non-binary,Artificial Intelligence and machine learning,
Elise,Cathee,ecatheelt@chicagotribune.com,Female,Artificial Intelligence and machine learning,885.88
Bobbye,Hugues,bhugueslu@nasa.gov,Genderqueer,Robotics and software engineering,737.7
Madge,Negri,mnegrilv@theatlantic.com,Female,Cybersecurity,911.71
Tobias,Tidswell,ttidswelllw@liveinternet.ru,Male,Cybersecurity,380.14
Timoteo,Antos,tantoslx@gov.uk,Male,Data Science,223.07
Tedd,Eynald,teynaldly@seesaa.net,Polygender,Robotics and software engineering,164.53
Lief,Stanfield,lstanfieldlz@accuweather.com,Male,Artificial Intelligence and machine learning,142.53
Margaretha,Gheorghescu,mgheorghescum0@hatena.ne.jp,Female,Robotics and software engineering,805.8
Kalindi,Haton,khatonm1@marketwatch.com,Female,Robotics and software engineering,626.7
Kellen,Gunning,kgunningm2@wordpress.org,Female,Cybersecurity,424.84
Alyse,Lyster,alysterm3@amazon.co.uk,Female,Cybersecurity,892.65
Tiertza,Arnolds,tarnoldsm4@addthis.com,Female,Cloud computing,259.13
Trumann,Gainsburgh,tgainsburghm5@spotify.com,Male,Artificial Intelligence and machine learning,340.78
Mozelle,Spurdle,mspurdlem6@blinklist.com,Non-binary,Cybersecurity,407.45
Babb,Cherm,bchermm7@blog.com,Bigender,Artificial Intelligence and machine learning,
Janetta,Crummay,jcrummaym8@github.io,Female,Cloud computing,342.74
Craggie,Chevolleau,cchevolleaum9@harvard.edu,Male,Artificial Intelligence and machine learning,680.27
Jessalyn,Beningfield,jbeningfieldma@arizona.edu,Female,Robotics and software engineering,357.79
Devonna,Bettenson,dbettensonmb@patch.com,Agender,Cybersecurity,
Rori,Dutch,rdutchmc@va.gov,Female,Cybersecurity,628.76
Cyrus,Kilbey,ckilbeymd@edublogs.org,Male,Cybersecurity,
Karine,Huxstep,khuxstepme@reverbnation.com,Female,Artificial Intelligence and machine learning,
Hasheem,Kurtis,hkurtismf@icio.us,Male,Data Science,853.0
Lorne,Pittoli,lpittolimg@nationalgeographic.com,Male,Cloud computing,833.08
Frederique,Deignan,fdeignanmh@4shared.com,Female,Artificial Intelligence and machine learning,603.44
Lionel,Bahde,lbahdemi@businessweek.com,Male,Cloud computing,631.26
Stephine,Rozec,srozecmj@sciencedirect.com,Female,Robotics and software engineering,273.8
Gillan,Gawthrope,ggawthropemk@about.com,Female,Data Science,926.91
Arlinda,Rippin,arippinml@economist.com,Female,Data Science,9.58
Thorpe,De Rechter,tderechtermm@home.pl,Male,Data Science,
Riki,Brokenshire,rbrokenshiremn@umn.edu,Female,Cloud computing,552.58
Randie,Suerz,rsuerzmo@hc360.com,Female,Artificial Intelligence and machine learning,198.29
Mollie,Book,mbookmp@goodreads.com,Agender,Cloud computing,480.7
Dew,Tassell,dtassellmq@dropbox.com,Male,Artificial Intelligence and machine learning,308.4
Valentina,Lauderdale,vlauderdalemr@ucoz.com,Female,Cloud computing,431.18
Rinaldo,Daish,rdaishms@cyberchimps.com,Male,Data Science,758.31
Emalee,Blackstock,eblackstockmt@samsung.com,Female,Cloud computing,
Nerte,Weller,nwellermu@is.gd,Female,Cloud computing,106.25
Jaye,Lind,jlindmv@unc.edu,Male,Robotics and software engineering,876.71
Fidelio,McGrann,fmcgrannmw@sciencedirect.com,Male,Artificial Intelligence and machine learning,856.59
Trixi,Gorrissen,tgorrissenmx@europa.eu,Female,Robotics and software engineering,407.99
Rance,Durden,rdurdenmy@seattletimes.com,Male,Robotics and software engineering,16.26
Marga,Clopton,mcloptonmz@nifty.com,Female,Artificial Intelligence and machine learning,415.32
Nicko,Rudram,nrudramn0@drupal.org,Male,Cloud computing,
Eleanor,Broad,ebroadn1@ocn.ne.jp,Female,Cloud computing,355.5
Gordie,Schindler,gschindlern2@jiathis.com,Male,Cloud computing,749.89
Daloris,Fishpoole,dfishpoolen3@uol.com.br,Female,Cloud computing,83.32
Steffen,Boissieux,sboissieuxn4@noaa.gov,Male,Artificial Intelligence and machine learning,593.48
Ameline,Kaindl,akaindln5@jigsy.com,Female,Cloud computing,579.5
Mirelle,Robjents,mrobjentsn6@guardian.co.uk,Female,Robotics and software engineering,654.56
Meta,Birley,mbirleyn7@xing.com,Female,Cloud computing,367.39
Bobbye,De Filippo,bdefilippon8@youku.com,Female,Artificial Intelligence and machine learning,430.51
Zebadiah,Perceval,zpercevaln9@ebay.co.uk,Male,Cloud computing,
Jarib,Esposito,jespositona@linkedin.com,Male,Data Science,371.03
Tailor,Gott,tgottnb@microsoft.com,Male,Artificial Intelligence and machine learning,905.64
Freddi,Gamett,fgamettnc@t.co,Female,Cybersecurity,766.57
Donetta,Yosselevitch,dyosselevitchnd@naver.com,Female,Cloud computing,
Josefa,Coppock.,jcoppockne@irs.gov,Female,Artificial Intelligence and machine learning,16.14
Guglielma,Cadell,gcadellnf@fotki.com,Female,Artificial Intelligence and machine learning,340.34
Talia,Sinton,tsintonng@feedburner.com,Bigender,Data Science,61.48
Wilbert,Lazer,wlazernh@csmonitor.com,Male,Artificial Intelligence and machine learning,859.29
Stephanus,Oliva,solivani@samsung.com,Male,Artificial Intelligence and machine learning,
Ric,Dahlgren,rdahlgrennj@nhs.uk,Male,Robotics and software engineering,664.65
Alberik,Iltchev,ailtchevnk@squidoo.com,Male,Data Science,737.87
Winona,Wanderschek,wwanderscheknl@4shared.com,Female,Data Science,729.56
Olimpia,Grzegorzewski,ogrzegorzewskinm@auda.org.au,Female,Cybersecurity,835.94
Nicola,Scothorn,nscothornnn@goo.ne.jp,Male,Robotics and software engineering,283.52
Tedi,Rapkins,trapkinsno@google.com.au,Female,Data Science,136.06
Fredelia,Gillogley,fgillogleynp@t-online.de,Female,Data Science,
Hubie,Pencost,hpencostnq@google.co.uk,Male,Artificial Intelligence and machine learning,
Veronique,Privett,vprivettnr@imageshack.us,Female,Artificial Intelligence and machine learning,305.34
Holly,Haszard,hhaszardns@chronoengine.com,Female,Artificial Intelligence and machine learning,233.94
Erick,Willoughley,ewilloughleynt@twitpic.com,Male,Cloud computing,282.49
Lazarus,Brosini,lbrosininu@techcrunch.com,Male,Artificial Intelligence and machine learning,901.5
Anne-marie,Cardo,acardonv@admin.ch,Female,Cloud computing,337.84
Esme,Leil,eleilnw@skyrock.com,Male,Data Science,
Paquito,Lodeke,plodekenx@flavors.me,Male,Cybersecurity,265.8
Brigitta,Pursehouse,bpursehouseny@miibeian.gov.cn,Genderfluid,Artificial Intelligence and machine learning,232.29
Erhard,Fatscher,efatschernz@163.com,Male,Artificial Intelligence and machine learning,660.09
Audrye,Whissell,awhissello0@auda.org.au,Female,Robotics and software engineering,981.69
Paddie,Pack,ppacko1@digg.com,Male,Data Science,
Cull,Pirazzi,cpirazzio2@wisc.edu,Polygender,Data Science,453.38
Engelbert,Castell,ecastello3@noaa.gov,Male,Cybersecurity,403.02
Jone,Abrahart,jabraharto4@theguardian.com,Male,Cybersecurity,136.52
Mikol,Tolworthie,mtolworthieo5@aboutads.info,Male,Cybersecurity,850.35
Nevile,Waggatt,nwaggatto6@china.com.cn,Male,Robotics and software engineering,76.35
Cinnamon,Harbisher,charbishero7@storify.com,Female,Cloud computing,870.16
Germana,Tremathick,gtremathicko8@ovh.net,Female,Cloud computing,929.74
Ezechiel,Humbell,ehumbello9@ask.com,Male,Artificial Intelligence and machine learning,559.38
Iormina,Bradley,ibradleyoa@linkedin.com,Female,Cybersecurity,605.27
Albertine,Philpot,aphilpotob@dyndns.org,Female,Artificial Intelligence and machine learning,786.64
Joann,Fauning,jfauningoc@sun.com,Female,Cloud computing,
Esme,Semper,esemperod@ihg.com,Female,Cloud computing,198.55
Ruth,Alenikov,ralenikovoe@miibeian.gov.cn,Female,Cybersecurity,395.81
Darlene,MacFadden,dmacfaddenof@huffingtonpost.com,Female,Cloud computing,76.87
Dill,Antonetti,dantonettiog@google.com.br,Male,Robotics and software engineering,593.37
Lorraine,Scibsey,lscibseyoh@home.pl,Female,Cloud computing,
Marcelo,Fayers,mfayersoi@squidoo.com,Male,Data Science,348.98
Petr,Jacobssen,pjacobssenoj@opera.com,Male,Artificial Intelligence and machine learning,728.04
Herta,Pau,hpauok@sciencedirect.com,Female,Cloud computing,853.34
Laird,Blinde,lblindeol@tamu.edu,Male,Robotics and software engineering,
Aline,Braksper,abraksperom@cargocollective.com,Female,Robotics and software engineering,607.82
Francisca,Baress,fbaresson@ucla.edu,Female,Robotics and software engineering,
Pru,Champken,pchampkenoo@google.nl,Genderqueer,Artificial Intelligence and machine learning,304.38
Christiano,Silverston,csilverstonop@marketwatch.com,Male,Cybersecurity,791.79
Bradney,Puttnam,bputtnamoq@cloudflare.com,Bigender,Artificial Intelligence and machine learning,92.59
Christie,Stirman,cstirmanor@engadget.com,Male,Cloud computing,404.83
Basia,Flowitt,bflowittos@blinklist.com,Female,Artificial Intelligence and machine learning,414.56
Mersey,Strelitzer,mstrelitzerot@com.com,Agender,Cloud computing,596.43
Norry,Wasmuth,nwasmuthou@aboutads.info,Male,Cybersecurity,
Oswell,Pannett,opannettov@devhub.com,Male,Cloud computing,564.24
Marlena,Riggoll,mriggollow@cnbc.com,Female,Artificial Intelligence and machine learning,667.06
Victoir,MacKeig,vmackeigox@angelfire.com,Male,Robotics and software engineering,933.2
Anderson,Ewart,aewartoy@bbb.org,Male,Cloud computing,866.89
Reggi,O'Crigane,rocriganeoz@java.com,Female,Robotics and software engineering,649.99
Bethina,Splevings,bsplevingsp0@house.gov,Female,Data Science,
Dominique,Danielsohn,ddanielsohnp1@webnode.com,Male,Cybersecurity,
Marcelle,Aldington,maldingtonp2@dion.ne.jp,Female,Artificial Intelligence and machine learning,385.7
Valentino,Luxen,vluxenp3@squidoo.com,Male,Data Science,201.28
Darbie,Beric,dbericp4@shop-pro.jp,Genderqueer,Cybersecurity,368.2
Corrine,Voaden,cvoadenp5@amazon.co.uk,Female,Data Science,
Lew,Macey,lmaceyp6@time.com,Male,Artificial Intelligence and machine learning,
Roseanna,Mougeot,rmougeotp7@jiathis.com,Genderqueer,Artificial Intelligence and machine learning,
Clea,Lytton,clyttonp8@netscape.com,Female,Cybersecurity,583.59
Jerrome,Dalgliesh,jdalglieshp9@barnesandnoble.com,Male,Cloud computing,852.42
Lise,Murt,lmurtpa@about.me,Agender,Data Science,622.23
Maddi,Vowells,mvowellspb@list-manage.com,Female,Cloud computing,868.35
Humfrid,Egle,heglepc@seesaa.net,Male,Data Science,757.76
Andi,Delacroux,adelacrouxpd@dagondesign.com,Female,Data Science,78.47
Killian,Carnock,kcarnockpe@goo.ne.jp,Male,Cloud computing,154.07
Alethea,Leverson,aleversonpf@cbc.ca,Female,Robotics and software engineering,679.46
Shane,Brind,sbrindpg@japanpost.jp,Genderfluid,Cybersecurity,190.98
Auberon,Chippindale,achippindaleph@sohu.com,Genderfluid,Robotics and software engineering,232.32
Judy,Lansbury,jlansburypi@symantec.com,Female,Robotics and software engineering,331.36
Lynnett,Neil,lneilpj@phoca.cz,Female,Cybersecurity,
Loralee,Kingzet,lkingzetpk@prnewswire.com,Female,Artificial Intelligence and machine learning,32.1
Cam,Askey,caskeypl@cbslocal.com,Male,Robotics and software engineering,899.36
Shanon,Dunbabin,sdunbabinpm@about.com,Female,Data Science,619.34
Thorny,Wapplington,twapplingtonpn@oracle.com,Male,Robotics and software engineering,
Lee,Kyme,lkymepo@pbs.org,Bigender,Robotics and software engineering,
Tracey,Rowbury,trowburypp@chronoengine.com,Male,Artificial Intelligence and machine learning,384.13
Hedy,Cabbell,hcabbellpq@booking.com,Female,Data Science,190.2
Penn,Karpychev,pkarpychevpr@cocolog-nifty.com,Male,Data Science,538.59
Fara,Dickinson,fdickinsonps@businessinsider.com,Female,Cybersecurity,546.87
Malissa,Kliemann,mkliemannpt@trellian.com,Female,Artificial Intelligence and machine learning,349.28
Maurie,Thirwell,mthirwellpu@chron.com,Male,Cloud computing,
Netta,Dray,ndraypv@aboutads.info,Female,Cloud computing,959.23
Dalli,Scotsbrook,dscotsbrookpw@prweb.com,Non-binary,Robotics and software engineering,107.57
Karrah,Maskell,kmaskellpx@nature.com,Female,Artificial Intelligence and machine learning,709.05
Chen,Brazel,cbrazelpy@mediafire.com,Agender,Artificial Intelligence and machine learning,880.38
Rosette,Olcot,rolcotpz@pagesperso-orange.fr,Female,Artificial Intelligence and machine learning,976.31
Fayette,Eglaise,feglaiseq0@trellian.com,Female,Data Science,590.16
Merwin,Dixcey,mdixceyq1@aol.com,Male,Cloud computing,752.09
Janaya,Scud,jscudq2@taobao.com,Female,Artificial Intelligence and machine learning,520.22
Arie,Liverseege,aliverseegeq3@narod.ru,Male,Cloud computing,
Kariotta,Mangham,kmanghamq4@blogtalkradio.com,Female,Cybersecurity,31.19
Olivier,Burkert,oburkertq5@mapy.cz,Male,Artificial Intelligence and machine learning,528.25
Hallsy,Aysik,haysikq6@geocities.com,Male,Cloud computing,584.4
Tobe,Stoeckle,tstoeckleq7@exblog.jp,Genderfluid,Data Science,
Dana,Munford,dmunfordq8@barnesandnoble.com,Male,Robotics and software engineering,57.26
Evangelin,Fazzioli,efazzioliq9@japanpost.jp,Female,Artificial Intelligence and machine learning,410.25
Stanleigh,Glazier,sglazierqa@dmoz.org,Non-binary,Cloud computing,781.21
Brock,Lafuente,blafuenteqb@flavors.me,Male,Artificial Intelligence and machine learning,160.86
Bartolomeo,Nacci,bnacciqc@yolasite.com,Male,Cloud computing,
Terrence,Schapiro,tschapiroqd@geocities.jp,Genderfluid,Cloud computing,488.37
Claudius,Giscken,cgisckenqe@techcrunch.com,Male,Artificial Intelligence and machine learning,988.89
Duff,Nisbith,dnisbithqf@comcast.net,Male,Robotics and software engineering,667.96
Gigi,Aspole,gaspoleqg@paypal.com,Non-binary,Data Science,404.5
Leif,Wardrope,lwardropeqh@abc.net.au,Male,Cloud computing,368.76
Alfredo,Duchateau,aduchateauqi@unesco.org,Male,Cloud computing,
Saleem,Gong,sgongqj@google.es,Male,Cybersecurity,109.54
Olag,Bulled,obulledqk@printfriendly.com,Male,Cloud computing,551.39
Chaddie,Mancktelow,cmancktelowql@unesco.org,Male,Cloud computing,
Clementius,Poile,cpoileqm@tinyurl.com,Male,Cybersecurity,
Davon,Merit,dmeritqn@linkedin.com,Male,Cybersecurity,112.43
Aluino,Parkman,aparkmanqo@jugem.jp,Male,Cybersecurity,339.76
Nikolos,Laister,nlaisterqp@privacy.gov.au,Male,Cloud computing,801.85
Briant,Benn,bbennqq@paypal.com,Male,Data Science,669.01
Arv,Gerardin,agerardinqr@tinyurl.com,Male,Artificial Intelligence and machine learning,445.38
Essa,Glasscock,eglasscockqs@boston.com,Female,Artificial Intelligence and machine learning,
Nonie,Ivermee,nivermeeqt@princeton.edu,Female,Data Science,773.28
Lily,Crimes,lcrimesqu@independent.co.uk,Female,Robotics and software engineering,985.69
Natale,Reader,nreaderqv@apple.com,Male,Cloud computing,
Jermayne,Cardillo,jcardilloqw@marriott.com,Male,Artificial Intelligence and machine learning,617.74
Carina,Hulatt,chulattqx@irs.gov,Female,Robotics and software engineering,685.09
Brittney,Massot,bmassotqy@etsy.com,Female,Data Science,895.66
Guillemette,Grigoletti,ggrigolettiqz@answers.com,Female,Robotics and software engineering,10.51
Melosa,Briddle,mbriddler0@wikispaces.com,Female,Data Science,711.54
Rosmunda,Rampling,rramplingr1@vimeo.com,Agender,Robotics and software engineering,338.6
Cully,Baxandall,cbaxandallr2@vistaprint.com,Male,Robotics and software engineering,
Edan,Yeats,eyeatsr3@jalbum.net,Male,Robotics and software engineering,411.84
Zita,Lundy,zlundyr4@vkontakte.ru,Female,Data Science,503.02
Hort,Guerreiro,hguerreiror5@goo.ne.jp,Male,Artificial Intelligence and machine learning,287.9
Charlena,Swigger,cswiggerr6@yellowpages.com,Female,Artificial Intelligence and machine learning,846.55
Shelley,Gronaller,sgronallerr7@businessweek.com,Agender,Cloud computing,791.97
Dede,Addy,daddyr8@linkedin.com,Female,Data Science,169.95
Rusty,Chilcott,rchilcottr9@nymag.com,Male,Robotics and software engineering,385.25
Rubin,Gianni,rgiannira@dell.com,Polygender,Artificial Intelligence and machine learning,231.69
Doreen,Minifie,dminifierb@biglobe.ne.jp,Female,Robotics and software engineering,29.02
Waly,McLaggan,wmclagganrc@oakley.com,Female,Cloud computing,427.08
Vin,Jelly,vjellyrd@tripadvisor.com,Non-binary,Artificial Intelligence and machine learning,333.03
Padget,Rotge,protgere@wp.com,Male,Cloud computing,
Gerta,Hasser,ghasserrf@miitbeian.gov.cn,Polygender,Cybersecurity,399.28
Ortensia,Fawdrie,ofawdrierg@amazon.de,Female,Cybersecurity,594.05
Micaela,Gonet,mgonetrh@economist.com,Female,Robotics and software engineering,65.98
Pattie,Floris,pflorisri@amazon.co.jp,Male,Cloud computing,229.35
Rouvin,Downse,rdownserj@sciencedaily.com,Male,Cybersecurity,699.69
Baillie,Van der Daal,bvanderdaalrk@seesaa.net,Male,Cloud computing,
Patric,Castelot,pcastelotrl@slate.com,Male,Data Science,190.11
Nate,Hassey,nhasseyrm@purevolume.com,Male,Robotics and software engineering,55.79
Camellia,MacGillespie,cmacgillespiern@nymag.com,Female,Cloud computing,598.73
Brena,Davidsen,bdavidsenro@sbwire.com,Female,Cloud computing,275.7
Archambault,McKeeman,amckeemanrp@abc.net.au,Male,Cybersecurity,147.56
Waly,Roistone,wroistonerq@ca.gov,Genderqueer,Data Science,627.71
Corinne,Giorgini,cgiorginirr@goo.gl,Female,Robotics and software engineering,357.55
